客场,主场
0,1
0,1
0,1
0,1
0,1
1,0
1,0
1,0
0,1
1,0
0,1
0,1
1,0
1,0
1,0
0,1
0,1
1,0
0,1
0,1
1,0
1,0
0,1
0,1
1,0
0,1
0,1
1,0
0,1
0,1
0,1
0,1
0,1
1,0
1,0
0,1
0,1
0,1
0,1
1,0
0,1
0,1
0,1
0,1
0,1
1,0
0,1
0,1
1,0
0,1
0,1
0,1
0,1
0,1
1,0
1,0
1,0
0,1
0,1
0,1
1,0
1,0
0,1
0,1
0,1
1,0
0,1
1,0
1,0
1,0
1,0
1,0
0,1
1,0
1,0
0,1
1,0
0,1
0,1
0,1
1,0
1,0
0,1
0,1
1,0
1,0
1,0
1,0
0,1
0,1
0,1
1,0
1,0
0,1
0,1
0,1
0,1
0,1
1,0
1,0
1,0
0,1
0,1
0,1
1,0
1,0
0,1
0,1
0,1
0,1
1,0
0,1
1,0
0,1
1,0
0,1
0,1
0,1
0,1
0,1
0,1
1,0
0,1
0,1
0,1
1,0
0,1
0,1
0,1
1,0
0,1
0,1
1,0
1,0
0,1
0,1
0,1
1,0
0,1
1,0
0,1
0,1
0,1
0,1
1,0
0,1
0,1
1,0
0,1
1,0
1,0
1,0
0,1
1,0
0,1
0,1
0,1
1,0
0,1
0,1
0,1
1,0
1,0
1,0
1,0
1,0
1,0
0,1
1,0
0,1
1,0
1,0
0,1
1,0
0,1
1,0
0,1
0,1
0,1
1,0
0,1
1,0
0,1
1,0
1,0
1,0
0,1
0,1
0,1
0,1
1,0
0,1
0,1
0,1
1,0
0,1
0,1
1,0
0,1
1,0
1,0
0,1
1,0
0,1
0,1
0,1
0,1
1,0
1,0
0,1
1,0
1,0
0,1
0,1
1,0
0,1
1,0
1,0
0,1
0,1
0,1
0,1
1,0
0,1
0,1
1,0
0,1
0,1
1,0
0,1
1,0
1,0
1,0
0,1
0,1
1,0
1,0
0,1
0,1
0,1
1,0
0,1
0,1
0,1
0,1
0,1
0,1
0,1
1,0
1,0
0,1
1,0
0,1
0,1
0,1
0,1
0,1
0,1
1,0
0,1
1,0
0,1
1,0
0,1
0,1
1,0
0,1
0,1
1,0
0,1
1,0
1,0
0,1
1,0
1,0
0,1
0,1
1,0
1,0
1,0
0,1
0,1
1,0
1,0
0,1
0,1
1,0
1,0
1,0
1,0
0,1
0,1
0,1
0,1
1,0
0,1
1,0
1,0
1,0
0,1
0,1
1,0
1,0
0,1
0,1
1,0
1,0
0,1
0,1
1,0
1,0
1,0
1,0
0,1
0,1
0,1
0,1
0,1
0,1
0,1
0,1
1,0
1,0
0,1
1,0
1,0
1,0
0,1
1,0
0,1
1,0
0,1
0,1
0,1
0,1
1,0
0,1
0,1
1,0
0,1
1,0
1,0
0,1
1,0
1,0
1,0
1,0
1,0
0,1
0,1
0,1
0,1
1,0
0,1
1,0
1,0
1,0
1,0
0,1
1,0
1,0
0,1
1,0
1,0
0,1
0,1
1,0
0,1
0,1
1,0
0,1
1,0
1,0
0,1
0,1
1,0
0,1
1,0
0,1
1,0
0,1
1,0
0,1
0,1
0,1
1,0
0,1
0,1
1,0
0,1
0,1
1,0
0,1
1,0
0,1
0,1
1,0
0,1
0,1
1,0
0,1
0,1
0,1
1,0
1,0
0,1
1,0
1,0
0,1
1,0
0,1
0,1
0,1
1,0
0,1
1,0
1,0
1,0
0,1
0,1
1,0
1,0
1,0
1,0
0,1
0,1
1,0
0,1
0,1
1,0
0,1
1,0
0,1
1,0
0,1
1,0
0,1
1,0
0,1
0,1
1,0
1,0
1,0
1,0
0,1
0,1
0,1
1,0
0,1
0,1
0,1
1,0
1,0
0,1
0,1
0,1
0,1
1,0
0,1
0,1
1,0
0,1
1,0
0,1
1,0
0,1
0,1
1,0
0,1
1,0
1,0
0,1
1,0
0,1
0,1
0,1
0,1
0,1
0,1
1,0
0,1
0,1
0,1
1,0
0,1
0,1
1,0
1,0
0,1
0,1
0,1
0,1
0,1
0,1
1,0
0,1
0,1
1,0
0,1
0,1
1,0
0,1
1,0
1,0
0,1
1,0
0,1
0,1
0,1
1,0
0,1
0,1
0,1
0,1
0,1
1,0
0,1
0,1
0,1
0,1
1,0
0,1
1,0
0,1
0,1
0,1
0,1
1,0
0,1
0,1
0,1
1,0
0,1
1,0
0,1
0,1
1,0
0,1
1,0
0,1
0,1
0,1
1,0
1,0
1,0
0,1
0,1
0,1
1,0
1,0
1,0
1,0
0,1
1,0
1,0
1,0
0,1
0,1
1,0
0,1
1,0
0,1
0,1
0,1
1,0
1,0
1,0
1,0
0,1
0,1
1,0
1,0
0,1
0,1
1,0
0,1
1,0
0,1
0,1
0,1
0,1
0,1
0,1
0,1
1,0
0,1
1,0
0,1
0,1
0,1
0,1
1,0
1,0
0,1
1,0
1,0
0,1
0,1
0,1
0,1
0,1
0,1
1,0
1,0
1,0
1,0
0,1
0,1
1,0
0,1
0,1
0,1
0,1
1,0
1,0
0,1
1,0
1,0
0,1
0,1
0,1
0,1
0,1
1,0
1,0
0,1
1,0
0,1
0,1
1,0
1,0
0,1
0,1
0,1
0,1
1,0
0,1
0,1
0,1
0,1
0,1
1,0
1,0
0,1
1,0
0,1
1,0
0,1
1,0
1,0
0,1
1,0
1,0
0,1
1,0
0,1
1,0
0,1
1,0
1,0
1,0
1,0
0,1
1,0
1,0
0,1
0,1
1,0
0,1
1,0
1,0
1,0
0,1
0,1
0,1
1,0
1,0
0,1
0,1
0,1
1,0
0,1
0,1
0,1
0,1
0,1
1,0
0,1
0,1
0,1
1,0
1,0
0,1
1,0
0,1
1,0
1,0
0,1
0,1
1,0
0,1
0,1
0,1
0,1
0,1
1,0
1,0
0,1
1,0
1,0
0,1
0,1
1,0
0,1
1,0
0,1
1,0
0,1
1,0
0,1
0,1
1,0
1,0
1,0
0,1
1,0
1,0
1,0
0,1
1,0
0,1
0,1
1,0
0,1
1,0
1,0
0,1
1,0
0,1
0,1
0,1
0,1
1,0
1,0
1,0
0,1
0,1
1,0
1,0
0,1
0,1
0,1
1,0
0,1
1,0
0,1
1,0
0,1
1,0
1,0
1,0
0,1
0,1
0,1
1,0
0,1
1,0
0,1
0,1
0,1
0,1
0,1
0,1
0,1
1,0
1,0
0,1
1,0
1,0
1,0
0,1
0,1
0,1
0,1
0,1
0,1
0,1
0,1
0,1
1,0
0,1
0,1
0,1
1,0
0,1
0,1
1,0
1,0
0,1
1,0
0,1
0,1
1,0
0,1
1,0
0,1
0,1
0,1
1,0
0,1
1,0
0,1
0,1
1,0
0,1
0,1
1,0
1,0
0,1
0,1
0,1
0,1
0,1
0,1
1,0
1,0
0,1
1,0
1,0
0,1
1,0
1,0
1,0
0,1
0,1
1,0
0,1
0,1
0,1
1,0
0,1
0,1
0,1
0,1
1,0
0,1
0,1
0,1
0,1
0,1
0,1
1,0
1,0
1,0
1,0
1,0
0,1
0,1
0,1
0,1
0,1
1,0
0,1
0,1
0,1
1,0
1,0
1,0
0,1
1,0
1,0
1,0
1,0
1,0
0,1
0,1
0,1
0,1
1,0
0,1
0,1
0,1
0,1
0,1
0,1
0,1
0,1
1,0
0,1
1,0
1,0
1,0
0,1
1,0
0,1
0,1
0,1
0,1
0,1
1,0
0,1
0,1
1,0
1,0
0,1
0,1
1,0
0,1
0,1
0,1
1,0
1,0
1,0
0,1
0,1
0,1
0,1
1,0
1,0
1,0
0,1
0,1
0,1
0,1
0,1
1,0
1,0
1,0
0,1
1,0
0,1
1,0
1,0
1,0
0,1
1,0
1,0
0,1
0,1
1,0
0,1
1,0
1,0
0,1
1,0
0,1
0,1
0,1
0,1
0,1
0,1
0,1
0,1
1,0
0,1
0,1
1,0
1,0
1,0
0,1
0,1
0,1
1,0
1,0
0,1
0,1
1,0
0,1
1,0
1,0
1,0
0,1
1,0
0,1
0,1
0,1
1,0
1,0
1,0
0,1
1,0
1,0
0,1
1,0
1,0
1,0
0,1
1,0
0,1
0,1
0,1
0,1
0,1
1,0
0,1
1,0
0,1
0,1
0,1
1,0
0,1
0,1
1,0
0,1
1,0
1,0
0,1
0,1
1,0
0,1
1,0
1,0
1,0
1,0
0,1
0,1
1,0
0,1
1,0
1,0
0,1
1,0
0,1
0,1
0,1
1,0
0,1
0,1
0,1
1,0
0,1
0,1
1,0
0,1
0,1
0,1
0,1
1,0
0,1
0,1
0,1
1,0
0,1
1,0
0,1
1,0
0,1
0,1
1,0
0,1
0,1
0,1
0,1
0,1
1,0
1,0
1,0
1,0
0,1
0,1
0,1
0,1
1,0
1,0
0,1
0,1
1,0
0,1
1,0
0,1
0,1
0,1
1,0
0,1
1,0
0,1
1,0
1,0
0,1
0,1
0,1
0,1
0,1
0,1
1,0
0,1
0,1
1,0
1,0
0,1
1,0
1,0
0,1
0,1
1,0
0,1
0,1
1,0
0,1
1,0
0,1
1,0
0,1
1,0
0,1
0,1
0,1
0,1
0,1
1,0
0,1
0,1
1,0
0,1
1,0
0,1
1,0
0,1
0,1
1,0
1,0
1,0
0,1
1,0
0,1
0,1
1,0
1,0
0,1
1,0
1,0
0,1
1,0
1,0
0,1
1,0
0,1
1,0
0,1
1,0
1,0
0,1
0,1
0,1
1,0
0,1
0,1
0,1
0,1
0,1
1,0
0,1
0,1
1,0
0,1
0,1
1,0
0,1
1,0
0,1
0,1
0,1
0,1
1,0
0,1
0,1
1,0
0,1
0,1
0,1
0,1
1,0
1,0
0,1
0,1
1,0
1,0
0,1
1,0
1,0
1,0
0,1
0,1
1,0
0,1
0,1
0,1
0,1
0,1
1,0
0,1
0,1
0,1
0,1
0,1
1,0
1,0
1,0
0,1
1,0
0,1
0,1
0,1
1,0
1,0
0,1
0,1
0,1
0,1
0,1
1,0
1,0
0,1
1,0
1,0
1,0
1,0
1,0
0,1
1,0
0,1
0,1
0,1
0,1
0,1
0,1
0,1
1,0
1,0
1,0
0,1
0,1
0,1
0,1
1,0
0,1
0,1
0,1
0,1
1,0
0,1
0,1
1,0
1,0
0,1
0,1
0,1
1,0
0,1
1,0
0,1
0,1
1,0
0,1
1,0
1,0
0,1
0,1
0,1
1,0
0,1
0,1
0,1
0,1
1,0
0,1
0,1
1,0
0,1
1,0
1,0
0,1
1,0
1,0
1,0
0,1
1,0
0,1
0,1
1,0
0,1
0,1
1,0
0,1
1,0
0,1
1,0
0,1
0,1
1,0
1,0
0,1
1,0
1,0
1,0
1,0
0,1
0,1
1,0
1,0
0,1
0,1
1,0
1,0
0,1
0,1
1,0
0,1
1,0
1,0
0,1
0,1
0,1
0,1
1,0
0,1
0,1
0,1
1,0
1,0
0,1
0,1
0,1
1,0
1,0
1,0
1,0
1,0
1,0
1,0
1,0
0,1
0,1
0,1
0,1
1,0
1,0
0,1
1,0
0,1
0,1
0,1
1,0
1,0
0,1
0,1
0,1
1,0
0,1
0,1
1,0
0,1
1,0
0,1
0,1
0,1
0,1
0,1
0,1
0,1
0,1
1,0
1,0
0,1
1,0
1,0
0,1
0,1
1,0
0,1
0,1
0,1
0,1
1,0
0,1
0,1
0,1
1,0
0,1
1,0
1,0
0,1
1,0
0,1
1,0
1,0
1,0
1,0
1,0
0,1
0,1
0,1
1,0
1,0
0,1
0,1
1,0
0,1
0,1
0,1
1,0
1,0
0,1
0,1
1,0
0,1
1,0
1,0
0,1
0,1
0,1
1,0
1,0
0,1
0,1
1,0
1,0
1,0
0,1
1,0
0,1
0,1
1,0
0,1
0,1
0,1
0,1
1,0
0,1
0,1
0,1
1,0
1,0
0,1
0,1
1,0
1,0
0,1
0,1
0,1
0,1
1,0
0,1
1,0
0,1
0,1
1,0
1,0
0,1
1,0
1,0
0,1
1,0
1,0
0,1
1,0
1,0
0,1
1,0
1,0
0,1
1,0
0,1
0,1
0,1
1,0
0,1
1,0
0,1
0,1
0,1
0,1
1,0
0,1
0,1
1,0
0,1
1,0
1,0
1,0
1,0
1,0
1,0
1,0
0,1
1,0
0,1
1,0
1,0
1,0
1,0
1,0
0,1
1,0
1,0
0,1
0,1
1,0
0,1
1,0
0,1
1,0
1,0
1,0
0,1
0,1
1,0
0,1
0,1
0,1
0,1
1,0
0,1
1,0
0,1
0,1
1,0
0,1
0,1
0,1
0,1
0,1
0,1
0,1
1,0
1,0
0,1
1,0
0,1
1,0
0,1
1,0
0,1
0,1
0,1
1,0
1,0
0,1
0,1
0,1
0,1
0,1
1,0
0,1
1,0
0,1
0,1
1,0
1,0
0,1
1,0
0,1
1,0
0,1
0,1
0,1
0,1
0,1
0,1
1,0
1,0
1,0
1,0
1,0
0,1
0,1
1,0
1,0
0,1
1,0
0,1
0,1
0,1
0,1
1,0
0,1
0,1
1,0
1,0
0,1
1,0
0,1
1,0
1,0
0,1
0,1
0,1
1,0
0,1
0,1
1,0
0,1
1,0
1,0
1,0
0,1
1,0
0,1
1,0
1,0
1,0
1,0
0,1
0,1
0,1
1,0
1,0
0,1
0,1
1,0
0,1
0,1
0,1
0,1
1,0
0,1
0,1
1,0
0,1
1,0
1,0
0,1
1,0
0,1
0,1
0,1
0,1
0,1
1,0
0,1
0,1
0,1
0,1
1,0
1,0
1,0
0,1
1,0
0,1
0,1
1,0
1,0
0,1
1,0
0,1
0,1
1,0
0,1
1,0
0,1
0,1
1,0
1,0
0,1
1,0
0,1
0,1
0,1
1,0
0,1
1,0
0,1
1,0
0,1
0,1
0,1
0,1
1,0
1,0
1,0
0,1
0,1
0,1
1,0
0,1
0,1
0,1
0,1
0,1
0,1
1,0
1,0
0,1
1,0
0,1
1,0
0,1
0,1
1,0
1,0
0,1
0,1
0,1
0,1
0,1
1,0
0,1
1,0
1,0
1,0
1,0
0,1
0,1
0,1
0,1
0,1
0,1
1,0
1,0
1,0
0,1
0,1
1,0
1,0
1,0
1,0
0,1
0,1
1,0
1,0
1,0
1,0
1,0
0,1
0,1
0,1
0,1
1,0
1,0
0,1
0,1
1,0
1,0
0,1
0,1
0,1
1,0
0,1
0,1
1,0
1,0
1,0
0,1
1,0
1,0
1,0
0,1
0,1
1,0
0,1
1,0
0,1
0,1
0,1
1,0
0,1
1,0
1,0
0,1
0,1
1,0
0,1
0,1
1,0
0,1
1,0
0,1
1,0
0,1
0,1
0,1
1,0
1,0
1,0
1,0
0,1
1,0
0,1
0,1
1,0
0,1
0,1
0,1
0,1
0,1
0,1
0,1
0,1
0,1
1,0
1,0
1,0
1,0
1,0
0,1
1,0
0,1
1,0
0,1
1,0
0,1
1,0
0,1
1,0
0,1
0,1
0,1
0,1
0,1
0,1
0,1
0,1
0,1
1,0
0,1
1,0
1,0
0,1
1,0
1,0
0,1
1,0
0,1
0,1
0,1
0,1
1,0
0,1
0,1
1,0
1,0
0,1
0,1
1,0
0,1
1,0
0,1
0,1
1,0
1,0
0,1
0,1
0,1
0,1
1,0
0,1
0,1
0,1
0,1
0,1
0,1
0,1
0,1
1,0
1,0
0,1
1,0
1,0
0,1
0,1
0,1
0,1
1,0
1,0
0,1
0,1
1,0
1,0
1,0
0,1
0,1
1,0
0,1
0,1
0,1
1,0
1,0
1,0
1,0
0,1
1,0
0,1
0,1
0,1
0,1
0,1
0,1
0,1
0,1
1,0
0,1
1,0
1,0
1,0
0,1
0,1
1,0
1,0
0,1
0,1
0,1
0,1
0,1
1,0
1,0
1,0
1,0
0,1
0,1
1,0
0,1
0,1
1,0
1,0
0,1
0,1
0,1
1,0
1,0
0,1
1,0
0,1
1,0
0,1
0,1
1,0
1,0
0,1
0,1
0,1
1,0
1,0
0,1
0,1
1,0
0,1
1,0
1,0
1,0
1,0
0,1
0,1
1,0
0,1
0,1
0,1
0,1
0,1
1,0
1,0
0,1
0,1
1,0
0,1
1,0
1,0
0,1
1,0
1,0
0,1
0,1
1,0
1,0
1,0
0,1
0,1
0,1
0,1
1,0
0,1
0,1
0,1
0,1
1,0
1,0
1,0
0,1
0,1
1,0
0,1
1,0
0,1
0,1
0,1
1,0
0,1
1,0
0,1
0,1
0,1
0,1
0,1
0,1
0,1
0,1
1,0
1,0
1,0
1,0
1,0
1,0
1,0
0,1
1,0
0,1
0,1
1,0
0,1
1,0
1,0
0,1
0,1
1,0
0,1
0,1
1,0
0,1
0,1
1,0
1,0
0,1
0,1
0,1
1,0
1,0
0,1
1,0
0,1
1,0
0,1
0,1
0,1
0,1
0,1
1,0
1,0
0,1
1,0
1,0
1,0
1,0
0,1
0,1
0,1
1,0
0,1
0,1
0,1
0,1
1,0
1,0
1,0
0,1
0,1
1,0
0,1
0,1
1,0
0,1
0,1
0,1
0,1
1,0
1,0
0,1
1,0
0,1
0,1
0,1
1,0
0,1
0,1
1,0
0,1
1,0
0,1
0,1
0,1
0,1
1,0
0,1
1,0
0,1
1,0
1,0
0,1
0,1
0,1
0,1
1,0
1,0
0,1
0,1
1,0
0,1
0,1
1,0
0,1
0,1
0,1
1,0
1,0
0,1
1,0
0,1
1,0
1,0
1,0
0,1
1,0
1,0
0,1
0,1
0,1
1,0
1,0
0,1
0,1
1,0
0,1
1,0
1,0
1,0
0,1
1,0
0,1
0,1
1,0
0,1
1,0
0,1
1,0
0,1
1,0
0,1
0,1
1,0
0,1
1,0
1,0
1,0
1,0
0,1
1,0
1,0
1,0
1,0
0,1
0,1
1,0
0,1
1,0
0,1
1,0
1,0
0,1
1,0
0,1
0,1
0,1
0,1
1,0
1,0
0,1
1,0
0,1
0,1
1,0
0,1
0,1
0,1
1,0
0,1
0,1
0,1
0,1
1,0
1,0
0,1
0,1
0,1
0,1
1,0
0,1
0,1
0,1
0,1
0,1
1,0
1,0
1,0
1,0
1,0
0,1
1,0
1,0
0,1
1,0
1,0
1,0
0,1
1,0
1,0
1,0
0,1
1,0
0,1
0,1
1,0
0,1
0,1
1,0
0,1
1,0
0,1
1,0
0,1
0,1
1,0
1,0
0,1
0,1
1,0
1,0
1,0
1,0
0,1
1,0
0,1
1,0
1,0
0,1
1,0
0,1
1,0
1,0
0,1
0,1
0,1
1,0
1,0
0,1
0,1
0,1
1,0
0,1
1,0
0,1
0,1
0,1
0,1
1,0
0,1
0,1
1,0
0,1
0,1
0,1
0,1
0,1
0,1
1,0
0,1
0,1
0,1
1,0
0,1
0,1
1,0
0,1
1,0
1,0
1,0
0,1
0,1
0,1
0,1
1,0
0,1
1,0
1,0
0,1
0,1
0,1
0,1
0,1
0,1
0,1
1,0
0,1
1,0
0,1
0,1
1,0
0,1
0,1
1,0
1,0
1,0
0,1
1,0
0,1
1,0
0,1
0,1
1,0
0,1
0,1
0,1
1,0
0,1
0,1
0,1
0,1
0,1
1,0
1,0
1,0
1,0
0,1
1,0
0,1
0,1
1,0
1,0
0,1
0,1
0,1
1,0
1,0
0,1
0,1
0,1
0,1
0,1
1,0
0,1
0,1
1,0
1,0
0,1
1,0
1,0
0,1
1,0
1,0
1,0
1,0
0,1
0,1
1,0
1,0
0,1
1,0
0,1
0,1
0,1
1,0
0,1
0,1
0,1
0,1
0,1
1,0
0,1
1,0
0,1
0,1
1,0
1,0
1,0
0,1
1,0
1,0
0,1
1,0
0,1
1,0
1,0
1,0
1,0
0,1
1,0
0,1
0,1
0,1
0,1
0,1
1,0
0,1
0,1
0,1
0,1
0,1
0,1
0,1
0,1
1,0
0,1
1,0
0,1
1,0
0,1
0,1
0,1
1,0
1,0
0,1
0,1
1,0
1,0
1,0
0,1
0,1
1,0
1,0
0,1
0,1
1,0
0,1
1,0
1,0
0,1
0,1
1,0
1,0
1,0
0,1
0,1
0,1
0,1
0,1
0,1
0,1
1,0
1,0
0,1
0,1
1,0
0,1
1,0
0,1
0,1
1,0
0,1
0,1
1,0
1,0
0,1
1,0
1,0
0,1
0,1
0,1
1,0
0,1
0,1
1,0
1,0
0,1
0,1
0,1
1,0
0,1
0,1
0,1
1,0
1,0
0,1
0,1
0,1
0,1
1,0
0,1
1,0
0,1
1,0
0,1
0,1
1,0
0,1
0,1
0,1
0,1
0,1
1,0
0,1
0,1
0,1
0,1
0,1
0,1
1,0
1,0
1,0
0,1
1,0
0,1
0,1
0,1
1,0
1,0
0,1
1,0
0,1
0,1
0,1
1,0
0,1
0,1
1,0
0,1
1,0
0,1
0,1
1,0
0,1
1,0
0,1
0,1
1,0
0,1
0,1
0,1
1,0
0,1
1,0
1,0
0,1
1,0
0,1
1,0
1,0
1,0
0,1
1,0
1,0
0,1
0,1
1,0
1,0
0,1
0,1
1,0
1,0
0,1
0,1
1,0
0,1
0,1
0,1
1,0
0,1
0,1
0,1
1,0
0,1
0,1
1,0
0,1
1,0
1,0
1,0
0,1
1,0
0,1
1,0
1,0
1,0
1,0
1,0
1,0
1,0
0,1
0,1
1,0
0,1
1,0
0,1
0,1
0,1
0,1
0,1
0,1
0,1
0,1
1,0
0,1
1,0
1,0
0,1
1,0
0,1
0,1
0,1
1,0
0,1
1,0
1,0
1,0
0,1
0,1
1,0
1,0
0,1
0,1
0,1
0,1
1,0
0,1
1,0
1,0
1,0
0,1
0,1
0,1
1,0
0,1
1,0
1,0
1,0
0,1
0,1
1,0
1,0
1,0
0,1
0,1
1,0
1,0
1,0
0,1
0,1
1,0
0,1
0,1
0,1
0,1
0,1
1,0
0,1
0,1
0,1
0,1
1,0
1,0
0,1
1,0
1,0
0,1
0,1
1,0
1,0
0,1
0,1
0,1
0,1
0,1
1,0
1,0
1,0
0,1
0,1
1,0
0,1
0,1
1,0
1,0
1,0
1,0
1,0
1,0
0,1
0,1
0,1
0,1
0,1
1,0
1,0
1,0
1,0
1,0
0,1
0,1
1,0
0,1
0,1
0,1
0,1
1,0
1,0
0,1
0,1
0,1
1,0
0,1
1,0
0,1
0,1
0,1
1,0
0,1
0,1
0,1
0,1
1,0
1,0
1,0
0,1
0,1
1,0
0,1
0,1
0,1
1,0
1,0
0,1
0,1
0,1
0,1
0,1
0,1
0,1
0,1
1,0
0,1
1,0
0,1
1,0
1,0
0,1
0,1
1,0
0,1
0,1
0,1
0,1
0,1
0,1
0,1
1,0
0,1
0,1
0,1
0,1
0,1
1,0
1,0
1,0
0,1
0,1
0,1
0,1
0,1
1,0
0,1
0,1
1,0
0,1
0,1
1,0
1,0
1,0
0,1
1,0
0,1
0,1
0,1
0,1
0,1
0,1
1,0
1,0
0,1
0,1
1,0
0,1
0,1
1,0
0,1
1,0
1,0
0,1
0,1
0,1
0,1
1,0
1,0
0,1
0,1
0,1
0,1
0,1
0,1
1,0
0,1
1,0
0,1
1,0
0,1
0,1
1,0
0,1
0,1
1,0
1,0
1,0
0,1
1,0
0,1
1,0
0,1
0,1
1,0
1,0
0,1
0,1
0,1
0,1
1,0
0,1
1,0
0,1
1,0
1,0
0,1
0,1
1,0
1,0
1,0
0,1
0,1
1,0
1,0
1,0
0,1
1,0
0,1
1,0
0,1
1,0
0,1
1,0
0,1
0,1
1,0
0,1
1,0
0,1
0,1
0,1
1,0
0,1
1,0
0,1
1,0
1,0
0,1
0,1
0,1
0,1
0,1
1,0
1,0
0,1
1,0
0,1
1,0
0,1
1,0
0,1
0,1
0,1
1,0
1,0
1,0
1,0
0,1
0,1
1,0
0,1
1,0
0,1
0,1
1,0
0,1
1,0
1,0
0,1
1,0
0,1
0,1
1,0
0,1
0,1
1,0
1,0
0,1
0,1
1,0
1,0
0,1
0,1
1,0
1,0
0,1
1,0
0,1
0,1
0,1
0,1
0,1
1,0
1,0
0,1
0,1
0,1
0,1
0,1
0,1
1,0
1,0
0,1
1,0
0,1
1,0
1,0
1,0
1,0
0,1
1,0
0,1
0,1
0,1
0,1
1,0
0,1
1,0
1,0
1,0
1,0
0,1
1,0
0,1
1,0
1,0
1,0
1,0
0,1
1,0
0,1
1,0
0,1
1,0
0,1
0,1
1,0
0,1
0,1
0,1
0,1
0,1
1,0
0,1
1,0
0,1
0,1
1,0
0,1
0,1
0,1
0,1
0,1
0,1
0,1
1,0
0,1
1,0
0,1
1,0
0,1
1,0
1,0
1,0
0,1
1,0
0,1
0,1
0,1
1,0
0,1
0,1
0,1
1,0
0,1
1,0
1,0
0,1
0,1
1,0
0,1
0,1
0,1
1,0
1,0
0,1
0,1
1,0
0,1
0,1
0,1
1,0
0,1
0,1
0,1
0,1
1,0
1,0
1,0
0,1
0,1
1,0
0,1
0,1
0,1
0,1
1,0
0,1
1,0
1,0
0,1
0,1
0,1
0,1
0,1
1,0
1,0
0,1
0,1
0,1
1,0
1,0
0,1
0,1
0,1
1,0
1,0
0,1
1,0
0,1
1,0
1,0
0,1
1,0
0,1
0,1
0,1
0,1
1,0
1,0
0,1
1,0
0,1
1,0
1,0
0,1
0,1
1,0
0,1
1,0
1,0
1,0
1,0
1,0
0,1
1,0
1,0
1,0
1,0
1,0
0,1
0,1
0,1
1,0
1,0
1,0
0,1
1,0
1,0
0,1
0,1
0,1
1,0
1,0
0,1
0,1
0,1
1,0
0,1
1,0
1,0
0,1
0,1
1,0
1,0
0,1
0,1
1,0
1,0
1,0
0,1
0,1
1,0
0,1
1,0
0,1
0,1
0,1
1,0
1,0
0,1
0,1
0,1
0,1
1,0
0,1
1,0
0,1
1,0
0,1
0,1
1,0
0,1
1,0
1,0
0,1
0,1
1,0
0,1
0,1
0,1
0,1
0,1
1,0
0,1
0,1
0,1
0,1
0,1
0,1
0,1
0,1
0,1
1,0
0,1
1,0
0,1
0,1
0,1
0,1
0,1
1,0
1,0
0,1
0,1
0,1
1,0
0,1
0,1
1,0
0,1
0,1
0,1
0,1
0,1
0,1
1,0
1,0
0,1
1,0
1,0
0,1
1,0
1,0
0,1
0,1
0,1
0,1
1,0
0,1
0,1
1,0
0,1
0,1
0,1
0,1
0,1
0,1
0,1
1,0
1,0
0,1
1,0
0,1
0,1
0,1
0,1
0,1
0,1
0,1
0,1
1,0
0,1
0,1
1,0
1,0
0,1
1,0
0,1
0,1
0,1
0,1
1,0
0,1
0,1
1,0
0,1
1,0
0,1
1,0
1,0
0,1
1,0
0,1
1,0
1,0
0,1
1,0
1,0
0,1
0,1
0,1
0,1
0,1
0,1
1,0
0,1
0,1
0,1
0,1
0,1
0,1
1,0
1,0
0,1
1,0
1,0
0,1
0,1
1,0
0,1
0,1
1,0
0,1
0,1
0,1
1,0
0,1
1,0
0,1
1,0
1,0
0,1
1,0
0,1
1,0
0,1
0,1
1,0
0,1
1,0
0,1
1,0
1,0
1,0
0,1
0,1
1,0
0,1
0,1
0,1
1,0
0,1
0,1
0,1
0,1
0,1
1,0
0,1
0,1
1,0
1,0
0,1
0,1
1,0
0,1
0,1
1,0
0,1
1,0
0,1
0,1
0,1
1,0
0,1
0,1
1,0
1,0
1,0
0,1
0,1
0,1
1,0
0,1
1,0
0,1
0,1
1,0
0,1
0,1
1,0
1,0
1,0
0,1
1,0
0,1
0,1
1,0
0,1
0,1
0,1
1,0
0,1
0,1
0,1
1,0
0,1
0,1
0,1
0,1
0,1
0,1
1,0
1,0
1,0
0,1
0,1
1,0
1,0
0,1
0,1
0,1
0,1
1,0
1,0
1,0
0,1
1,0
1,0
1,0
0,1
0,1
1,0
1,0
1,0
0,1
0,1
0,1
0,1
1,0
0,1
0,1
1,0
0,1
0,1
1,0
1,0
0,1
0,1
1,0
1,0
1,0
0,1
1,0
0,1
1,0
0,1
0,1
0,1
0,1
0,1
1,0
0,1
1,0
0,1
0,1
1,0
0,1
1,0
0,1
0,1
1,0
1,0
0,1
1,0
0,1
0,1
0,1
0,1
1,0
0,1
1,0
0,1
0,1
1,0
1,0
0,1
0,1
0,1
1,0
0,1
1,0
0,1
0,1
0,1
0,1
0,1
0,1
0,1
0,1
1,0
1,0
1,0
1,0
1,0
0,1
1,0
1,0
0,1
0,1
0,1
1,0
0,1
1,0
0,1
1,0
0,1
1,0
0,1
1,0
1,0
0,1
0,1
0,1
1,0
0,1
0,1
0,1
0,1
0,1
0,1
1,0
1,0
1,0
0,1
1,0
0,1
1,0
0,1
1,0
1,0
0,1
0,1
0,1
1,0
0,1
0,1
0,1
0,1
1,0
0,1
1,0
0,1
1,0
0,1
0,1
0,1
0,1
0,1
0,1
0,1
1,0
1,0
0,1
0,1
0,1
1,0
0,1
0,1
0,1
1,0
0,1
0,1
1,0
0,1
0,1
1,0
0,1
0,1
1,0
1,0
0,1
0,1
0,1
0,1
0,1
0,1
0,1
1,0
1,0
0,1
0,1
0,1
0,1
0,1
1,0
0,1
0,1
0,1
0,1
0,1
1,0
0,1
1,0
0,1
1,0
0,1
1,0
1,0
0,1
0,1
1,0
0,1
0,1
0,1
0,1
1,0
0,1
0,1
1,0
1,0
1,0
1,0
1,0
1,0
0,1
0,1
1,0
1,0
1,0
0,1
0,1
1,0
1,0
0,1
0,1
0,1
0,1
1,0
0,1
0,1
1,0
0,1
1,0
0,1
1,0
1,0
1,0
1,0
0,1
0,1
0,1
0,1
0,1
0,1
0,1
0,1
0,1
0,1
0,1
0,1
0,1
0,1
1,0
0,1
0,1
0,1
0,1
1,0
0,1
0,1
1,0
1,0
0,1
1,0
0,1
1,0
0,1
0,1
0,1
1,0
1,0
0,1
1,0
0,1
0,1
1,0
0,1
1,0
0,1
0,1
0,1
0,1
0,1
1,0
0,1
1,0
0,1
0,1
0,1
0,1
0,1
1,0
0,1
0,1
1,0
0,1
1,0
0,1
0,1
0,1
0,1
0,1
0,1
0,1
0,1
1,0
1,0
0,1
0,1
1,0
0,1
0,1
0,1
1,0
1,0
0,1
0,1
1,0
1,0
0,1
0,1
0,1
0,1
1,0
0,1
0,1
0,1
1,0
0,1
1,0
1,0
0,1
0,1
0,1
1,0
0,1
1,0
0,1
0,1
1,0
0,1
0,1
0,1
0,1
1,0
1,0
0,1
1,0
1,0
0,1
0,1
1,0
0,1
1,0
0,1
0,1
0,1
0,1
1,0
1,0
1,0
0,1
0,1
0,1
0,1
0,1
1,0
0,1
1,0
0,1
0,1
1,0
0,1
1,0
0,1
1,0
1,0
0,1
1,0
0,1
0,1
0,1
1,0
1,0
0,1
0,1
0,1
0,1
1,0
0,1
0,1
1,0
0,1
0,1
0,1
0,1
0,1
0,1
0,1
0,1
1,0
0,1
0,1
1,0
0,1
0,1
0,1
0,1
0,1
1,0
0,1
0,1
1,0
0,1
1,0
0,1
1,0
0,1
1,0
0,1
0,1
0,1
0,1
0,1
1,0
0,1
0,1
1,0
0,1
0,1
0,1
0,1
1,0
0,1
0,1
1,0
0,1
1,0
1,0
0,1
0,1
0,1
0,1
0,1
1,0
1,0
1,0
0,1
0,1
0,1
0,1
0,1
0,1
1,0
0,1
0,1
0,1
1,0
0,1
0,1
0,1
1,0
0,1
0,1
0,1
1,0
0,1
0,1
1,0
0,1
0,1
1,0
1,0
0,1
0,1
1,0
0,1
0,1
0,1
1,0
1,0
0,1
0,1
0,1
1,0
1,0
0,1
1,0
1,0
0,1
0,1
1,0
1,0
1,0
1,0
1,0
0,1
1,0
0,1
1,0
0,1
0,1
0,1
0,1
1,0
0,1
1,0
1,0
0,1
0,1
0,1
0,1
1,0
1,0
1,0
0,1
0,1
0,1
0,1
0,1
0,1
1,0
0,1
0,1
1,0
1,0
0,1
1,0
1,0
1,0
0,1
0,1
0,1
0,1
1,0
0,1
1,0
0,1
0,1
1,0
0,1
1,0
0,1
1,0
1,0
0,1
0,1
1,0
0,1
0,1
0,1
1,0
0,1
1,0
1,0
0,1
1,0
1,0
0,1
0,1
0,1
1,0
1,0
0,1
1,0
0,1
1,0
1,0
1,0
0,1
0,1
0,1
0,1
1,0
0,1
0,1
0,1
0,1
0,1
0,1
0,1
1,0
0,1
1,0
0,1
0,1
0,1
1,0
0,1
0,1
0,1
0,1
0,1
0,1
0,1
0,1
1,0
0,1
1,0
1,0
1,0
1,0
1,0
1,0
1,0
1,0
1,0
1,0
0,1
0,1
1,0
0,1
0,1
1,0
0,1
0,1
0,1
0,1
0,1
1,0
0,1
1,0
0,1
0,1
1,0
0,1
1,0
0,1
0,1
1,0
0,1
0,1
0,1
1,0
1,0
1,0
1,0
0,1
0,1
1,0
0,1
0,1
0,1
1,0
0,1
0,1
0,1
0,1
0,1
1,0
0,1
1,0
0,1
0,1
1,0
1,0
1,0
0,1
1,0
1,0
1,0
0,1
0,1
1,0
1,0
0,1
1,0
1,0
1,0
0,1
1,0
0,1
1,0
0,1
1,0
1,0
0,1
1,0
0,1
0,1
0,1
1,0
1,0
0,1
0,1
0,1
1,0
1,0
0,1
1,0
0,1
0,1
0,1
1,0
0,1
0,1
1,0
1,0
1,0
1,0
1,0
1,0
0,1
1,0
0,1
0,1
0,1
1,0
1,0
0,1
0,1
0,1
1,0
0,1
0,1
0,1
0,1
1,0
1,0
0,1
0,1
1,0
0,1
0,1
0,1
0,1
0,1
1,0
1,0
1,0
0,1
1,0
1,0
0,1
0,1
0,1
1,0
0,1
0,1
0,1
0,1
0,1
0,1
0,1
0,1
0,1
1,0
1,0
0,1
1,0
0,1
0,1
1,0
1,0
0,1
0,1
1,0
0,1
0,1
1,0
1,0
1,0
1,0
0,1
1,0
0,1
0,1
0,1
0,1
0,1
0,1
0,1
0,1
0,1
0,1
1,0
0,1
1,0
1,0
1,0
1,0
0,1
0,1
1,0
0,1
0,1
0,1
1,0
0,1
1,0
1,0
1,0
1,0
0,1
0,1
1,0
1,0
0,1
0,1
1,0
0,1
0,1
1,0
0,1
1,0
0,1
0,1
1,0
1,0
1,0
1,0
1,0
1,0
1,0
0,1
1,0
1,0
1,0
1,0
1,0
0,1
1,0
1,0
1,0
1,0
0,1
0,1
0,1
1,0
0,1
1,0
1,0
1,0
0,1
1,0
0,1
1,0
0,1
0,1
1,0
0,1
1,0
1,0
0,1
1,0
0,1
0,1
1,0
0,1
0,1
1,0
0,1
1,0
0,1
1,0
1,0
1,0
0,1
0,1
0,1
0,1
0,1
0,1
1,0
0,1
0,1
0,1
1,0
0,1
0,1
0,1
0,1
0,1
1,0
0,1
0,1
0,1
0,1
0,1
1,0
1,0
0,1
1,0
0,1
1,0
0,1
1,0
1,0
0,1
0,1
1,0
0,1
1,0
1,0
0,1
1,0
0,1
0,1
1,0
0,1
0,1
0,1
1,0
1,0
0,1
1,0
1,0
0,1
1,0
0,1
0,1
1,0
0,1
1,0
1,0
0,1
1,0
0,1
1,0
0,1
0,1
0,1
0,1
1,0
1,0
0,1
0,1
1,0
0,1
1,0
0,1
0,1
1,0
1,0
0,1
0,1
0,1
0,1
0,1
1,0
0,1
0,1
1,0
1,0
0,1
1,0
0,1
0,1
1,0
1,0
0,1
0,1
0,1
0,1
0,1
0,1
1,0
0,1
0,1
1,0
0,1
0,1
0,1
1,0
0,1
0,1
0,1
0,1
1,0
0,1
0,1
0,1
0,1
0,1
0,1
0,1
0,1
0,1
1,0
1,0
1,0
1,0
1,0
0,1
0,1
0,1
0,1
1,0
1,0
0,1
0,1
0,1
1,0
1,0
1,0
1,0
0,1
0,1
0,1
0,1
0,1
0,1
0,1
0,1
0,1
0,1
0,1
1,0
1,0
1,0
1,0
0,1
0,1
0,1
1,0
0,1
1,0
0,1
1,0
1,0
1,0
1,0
0,1
1,0
0,1
1,0
1,0
0,1
0,1
0,1
1,0
1,0
0,1
0,1
0,1
1,0
0,1
0,1
0,1
0,1
0,1
1,0
1,0
1,0
0,1
0,1
0,1
1,0
0,1
0,1
1,0
0,1
0,1
0,1
0,1
1,0
0,1
0,1
0,1
1,0
1,0
1,0
0,1
1,0
1,0
0,1
0,1
1,0
1,0
0,1
0,1
0,1
0,1
0,1
0,1
1,0
1,0
0,1
0,1
0,1
1,0
0,1
1,0
1,0
0,1
0,1
1,0
1,0
0,1
0,1
1,0
0,1
1,0
0,1
0,1
0,1
0,1
0,1
0,1
0,1
1,0
0,1
0,1
0,1
0,1
1,0
0,1
0,1
0,1
1,0
1,0
0,1
1,0
1,0
1,0
1,0
1,0
0,1
0,1
0,1
0,1
0,1
0,1
1,0
0,1
0,1
0,1
0,1
0,1
0,1
0,1
0,1
1,0
0,1
1,0
0,1
1,0
0,1
1,0
0,1
0,1
0,1
0,1
0,1
0,1
0,1
0,1
0,1
0,1
0,1
1,0
1,0
0,1
0,1
0,1
0,1
1,0
0,1
0,1
0,1
0,1
0,1
0,1
1,0
1,0
0,1
1,0
0,1
0,1
0,1
0,1
0,1
1,0
0,1
0,1
1,0
1,0
0,1
1,0
0,1
1,0
0,1
1,0
0,1
1,0
1,0
1,0
0,1
0,1
1,0
0,1
1,0
1,0
0,1
0,1
1,0
1,0
0,1
0,1
0,1
1,0
0,1
1,0
1,0
1,0
0,1
0,1
1,0
1,0
0,1
0,1
0,1
0,1
0,1
0,1
1,0
0,1
0,1
0,1
1,0
0,1
0,1
0,1
1,0
0,1
0,1
1,0
0,1
0,1
0,1
1,0
1,0
1,0
0,1
0,1
1,0
1,0
1,0
1,0
0,1
0,1
1,0
1,0
0,1
1,0
1,0
0,1
1,0
0,1
1,0
1,0
0,1
1,0
1,0
0,1
0,1
0,1
0,1
1,0
0,1
0,1
1,0
0,1
1,0
1,0
0,1
1,0
1,0
0,1
0,1
1,0
0,1
0,1
0,1
1,0
1,0
0,1
1,0
0,1
0,1
0,1
0,1
1,0
0,1
0,1
0,1
1,0
1,0
0,1
1,0
0,1
1,0
0,1
1,0
1,0
0,1
1,0
1,0
0,1
0,1
0,1
1,0
0,1
0,1
0,1
0,1
1,0
0,1
0,1
0,1
1,0
1,0
0,1
0,1
0,1
0,1
0,1
1,0
0,1
1,0
0,1
0,1
1,0
1,0
1,0
1,0
0,1
1,0
0,1
1,0
1,0
0,1
1,0
0,1
0,1
0,1
0,1
0,1
1,0
0,1
0,1
0,1
0,1
0,1
1,0
1,0
1,0
0,1
1,0
0,1
1,0
1,0
1,0
0,1
1,0
0,1
0,1
0,1
1,0
1,0
0,1
0,1
0,1
1,0
0,1
0,1
1,0
0,1
0,1
1,0
1,0
1,0
1,0
0,1
1,0
1,0
1,0
0,1
1,0
0,1
1,0
1,0
0,1
0,1
1,0
0,1
1,0
0,1
1,0
1,0
1,0
1,0
1,0
0,1
0,1
1,0
0,1
1,0
1,0
0,1
0,1
1,0
0,1
0,1
1,0
1,0
0,1
1,0
0,1
0,1
0,1
0,1
0,1
0,1
0,1
1,0
0,1
0,1
1,0
0,1
1,0
0,1
0,1
0,1
0,1
1,0
1,0
0,1
1,0
1,0
0,1
0,1
0,1
1,0
1,0
1,0
1,0
1,0
0,1
0,1
1,0
1,0
0,1
0,1
1,0
0,1
1,0
1,0
0,1
0,1
0,1
0,1
0,1
0,1
0,1
0,1
0,1
0,1
0,1
0,1
1,0
0,1
0,1
1,0
1,0
0,1
1,0
1,0
0,1
1,0
1,0
1,0
0,1
0,1
0,1
1,0
0,1
1,0
1,0
1,0
0,1
0,1
1,0
0,1
0,1
0,1
0,1
1,0
0,1
0,1
1,0
1,0
0,1
0,1
1,0
0,1
1,0
0,1
0,1
0,1
0,1
0,1
0,1
0,1
0,1
1,0
1,0
0,1
1,0
1,0
1,0
1,0
1,0
1,0
1,0
0,1
0,1
1,0
0,1
0,1
0,1
0,1
1,0
0,1
0,1
0,1
0,1
0,1
0,1
1,0
1,0
0,1
0,1
0,1
1,0
0,1
0,1
0,1
1,0
1,0
0,1
0,1
0,1
0,1
0,1
1,0
0,1
1,0
1,0
1,0
0,1
0,1
0,1
0,1
0,1
0,1
1,0
0,1
1,0
1,0
1,0
0,1
1,0
0,1
1,0
0,1
1,0
1,0
0,1
0,1
1,0
0,1
0,1
1,0
1,0
1,0
0,1
0,1
0,1
1,0
1,0
0,1
1,0
0,1
0,1
0,1
1,0
1,0
1,0
1,0
0,1
1,0
0,1
0,1
0,1
1,0
0,1
0,1
1,0
1,0
1,0
0,1
1,0
0,1
1,0
1,0
1,0
1,0
1,0
0,1
1,0
0,1
0,1
0,1
0,1
0,1
1,0
0,1
0,1
0,1
0,1
0,1
1,0
1,0
0,1
1,0
1,0
0,1
0,1
0,1
0,1
0,1
1,0
1,0
0,1
0,1
1,0
0,1
1,0
1,0
0,1
1,0
0,1
1,0
0,1
1,0
1,0
1,0
0,1
0,1
0,1
1,0
0,1
0,1
0,1
0,1
0,1
0,1
1,0
1,0
1,0
1,0
1,0
0,1
0,1
1,0
1,0
0,1
0,1
0,1
0,1
0,1
0,1
0,1
0,1
0,1
0,1
0,1
0,1
0,1
0,1
0,1
0,1
0,1
0,1
1,0
0,1
1,0
0,1
0,1
0,1
0,1
0,1
1,0
1,0
0,1
1,0
0,1
0,1
1,0
1,0
1,0
0,1
0,1
1,0
1,0
0,1
0,1
0,1
0,1
1,0
0,1
0,1
0,1
1,0
0,1
1,0
0,1
1,0
0,1
0,1
1,0
0,1
1,0
0,1
0,1
0,1
1,0
0,1
0,1
1,0
0,1
1,0
1,0
0,1
1,0
0,1
0,1
0,1
0,1
1,0
0,1
1,0
1,0
1,0
0,1
0,1
0,1
0,1
1,0
0,1
1,0
1,0
0,1
0,1
0,1
0,1
0,1
0,1
0,1
1,0
0,1
0,1
1,0
0,1
0,1
0,1
0,1
0,1
1,0
0,1
0,1
1,0
0,1
0,1
0,1
0,1
1,0
0,1
0,1
1,0
1,0
0,1
1,0
0,1
0,1
0,1
0,1
1,0
1,0
1,0
0,1
1,0
0,1
0,1
1,0
0,1
0,1
0,1
1,0
0,1
0,1
0,1
1,0
0,1
1,0
0,1
0,1
0,1
0,1
0,1
0,1
0,1
1,0
1,0
0,1
0,1
0,1
0,1
0,1
1,0
0,1
0,1
0,1
0,1
1,0
0,1
1,0
0,1
1,0
0,1
0,1
1,0
0,1
0,1
0,1
1,0
1,0
1,0
1,0
1,0
0,1
1,0
0,1
1,0
0,1
1,0
0,1
0,1
1,0
1,0
0,1
0,1
0,1
1,0
0,1
0,1
1,0
0,1
0,1
0,1
1,0
1,0
0,1
0,1
1,0
0,1
1,0
1,0
0,1
0,1
0,1
0,1
1,0
1,0
0,1
0,1
1,0
1,0
0,1
0,1
1,0
1,0
1,0
0,1
0,1
0,1
0,1
0,1
1,0
1,0
0,1
1,0
0,1
0,1
0,1
1,0
0,1
0,1
0,1
1,0
0,1
0,1
0,1
1,0
1,0
0,1
0,1
1,0
1,0
0,1
0,1
0,1
1,0
0,1
0,1
1,0
0,1
1,0
0,1
0,1
0,1
1,0
1,0
1,0
0,1
0,1
1,0
0,1
1,0
1,0
1,0
0,1
1,0
0,1
1,0
0,1
0,1
1,0
1,0
0,1
0,1
0,1
1,0
0,1
0,1
1,0
0,1
1,0
1,0
1,0
0,1
1,0
0,1
0,1
0,1
0,1
0,1
1,0
1,0
0,1
0,1
1,0
0,1
0,1
0,1
1,0
0,1
0,1
0,1
0,1
1,0
1,0
0,1
0,1
1,0
0,1
0,1
0,1
0,1
0,1
1,0
0,1
0,1
1,0
1,0
0,1
0,1
0,1
0,1
1,0
0,1
0,1
0,1
1,0
1,0
1,0
1,0
1,0
1,0
1,0
0,1
0,1
0,1
1,0
1,0
1,0
0,1
0,1
1,0
0,1
1,0
1,0
0,1
0,1
1,0
1,0
0,1
1,0
1,0
1,0
0,1
0,1
0,1
1,0
1,0
0,1
0,1
0,1
1,0
0,1
1,0
0,1
1,0
0,1
0,1
0,1
0,1
1,0
1,0
1,0
1,0
0,1
1,0
0,1
1,0
0,1
0,1
0,1
0,1
0,1
0,1
0,1
0,1
1,0
1,0
1,0
1,0
0,1
1,0
1,0
1,0
0,1
0,1
0,1
0,1
0,1
0,1
0,1
0,1
0,1
0,1
1,0
0,1
0,1
1,0
0,1
0,1
0,1
1,0
1,0
0,1
0,1
0,1
1,0
0,1
0,1
1,0
0,1
1,0
1,0
1,0
0,1
1,0
0,1
1,0
0,1
0,1
0,1
0,1
0,1
0,1
0,1
1,0
0,1
1,0
1,0
1,0
1,0
1,0
1,0
1,0
1,0
0,1
1,0
0,1
0,1
0,1
0,1
1,0
1,0
1,0
0,1
0,1
1,0
0,1
0,1
0,1
1,0
0,1
0,1
0,1
0,1
1,0
0,1
0,1
1,0
0,1
0,1
0,1
1,0
0,1
1,0
1,0
1,0
1,0
1,0
1,0
0,1
1,0
0,1
1,0
1,0
0,1
0,1
1,0
1,0
0,1
0,1
1,0
0,1
1,0
0,1
0,1
1,0
0,1
0,1
1,0
0,1
0,1
0,1
0,1
1,0
1,0
1,0
0,1
1,0
0,1
1,0
0,1
0,1
1,0
0,1
0,1
0,1
1,0
0,1
0,1
0,1
1,0
1,0
1,0
0,1
1,0
0,1
0,1
0,1
1,0
0,1
0,1
1,0
1,0
1,0
0,1
0,1
1,0
0,1
1,0
1,0
1,0
1,0
0,1
0,1
0,1
1,0
1,0
0,1
1,0
0,1
0,1
0,1
0,1
0,1
0,1
1,0
0,1
1,0
1,0
1,0
0,1
0,1
1,0
1,0
0,1
0,1
1,0
1,0
0,1
0,1
1,0
1,0
0,1
1,0
0,1
1,0
1,0
0,1
1,0
0,1
1,0
0,1
0,1
1,0
1,0
0,1
1,0
1,0
0,1
1,0
1,0
0,1
0,1
0,1
1,0
0,1
0,1
0,1
0,1
1,0
0,1
0,1
0,1
1,0
0,1
0,1
0,1
0,1
1,0
0,1
0,1
1,0
1,0
1,0
1,0
1,0
1,0
1,0
0,1
1,0
0,1
0,1
1,0
1,0
0,1
1,0
1,0
1,0
1,0
0,1
0,1
1,0
0,1
1,0
1,0
1,0
1,0
0,1
0,1
1,0
0,1
0,1
0,1
1,0
1,0
1,0
0,1
0,1
0,1
0,1
1,0
0,1
0,1
0,1
1,0
0,1
0,1
1,0
0,1
0,1
1,0
0,1
1,0
0,1
0,1
0,1
0,1
0,1
1,0
1,0
0,1
1,0
1,0
1,0
0,1
1,0
1,0
0,1
1,0
1,0
1,0
0,1
1,0
1,0
0,1
0,1
0,1
0,1
0,1
1,0
0,1
1,0
1,0
0,1
1,0
1,0
1,0
0,1
0,1
0,1
1,0
0,1
0,1
0,1
1,0
0,1
1,0
0,1
0,1
0,1
0,1
1,0
0,1
0,1
0,1
0,1
1,0
0,1
0,1
1,0
0,1
1,0
0,1
0,1
1,0
1,0
0,1
0,1
1,0
1,0
1,0
0,1
1,0
0,1
0,1
0,1
0,1
0,1
0,1
0,1
0,1
1,0
0,1
0,1
1,0
1,0
1,0
1,0
1,0
1,0
0,1
1,0
1,0
1,0
0,1
1,0
1,0
0,1
0,1
0,1
0,1
1,0
0,1
0,1
1,0
0,1
1,0
0,1
0,1
0,1
1,0
0,1
0,1
0,1
1,0
1,0
0,1
1,0
1,0
0,1
1,0
0,1
0,1
0,1
0,1
0,1
0,1
0,1
0,1
0,1
1,0
1,0
1,0
1,0
0,1
0,1
0,1
1,0
0,1
1,0
1,0
1,0
1,0
0,1
1,0
0,1
1,0
0,1
1,0
0,1
1,0
0,1
1,0
0,1
0,1
1,0
0,1
0,1
0,1
0,1
0,1
0,1
1,0
1,0
0,1
0,1
0,1
1,0
1,0
0,1
1,0
1,0
0,1
0,1
1,0
0,1
1,0
0,1
0,1
0,1
0,1
1,0
0,1
0,1
0,1
0,1
1,0
0,1
0,1
1,0
0,1
1,0
0,1
0,1
1,0
0,1
1,0
0,1
0,1
0,1
1,0
0,1
0,1
0,1
0,1
0,1
0,1
0,1
0,1
0,1
0,1
0,1
0,1
1,0
1,0
0,1
0,1
1,0
1,0
1,0
1,0
1,0
1,0
0,1
0,1
0,1
0,1
1,0
0,1
0,1
0,1
1,0
0,1
1,0
0,1
1,0
0,1
0,1
1,0
1,0
0,1
0,1
0,1
0,1
0,1
0,1
1,0
0,1
0,1
0,1
0,1
0,1
0,1
1,0
1,0
0,1
0,1
0,1
1,0
1,0
0,1
0,1
0,1
0,1
1,0
1,0
1,0
0,1
0,1
1,0
0,1
0,1
1,0
0,1
0,1
0,1
0,1
0,1
0,1
1,0
0,1
0,1
1,0
0,1
1,0
0,1
0,1
0,1
1,0
0,1
0,1
1,0
0,1
1,0
1,0
1,0
0,1
1,0
1,0
0,1
1,0
1,0
0,1
1,0
0,1
0,1
0,1
1,0
0,1
0,1
0,1
0,1
0,1
0,1
0,1
0,1
0,1
1,0
1,0
0,1
0,1
1,0
0,1
1,0
1,0
0,1
0,1
0,1
0,1
0,1
1,0
0,1
1,0
0,1
0,1
0,1
1,0
0,1
0,1
0,1
0,1
0,1
1,0
0,1
1,0
1,0
1,0
0,1
0,1
0,1
0,1
0,1
1,0
1,0
0,1
0,1
0,1
1,0
1,0
0,1
0,1
1,0
1,0
1,0
1,0
1,0
1,0
0,1
1,0
0,1
1,0
1,0
0,1
0,1
0,1
1,0
0,1
0,1
0,1
0,1
1,0
1,0
0,1
0,1
1,0
0,1
1,0
1,0
0,1
0,1
1,0
0,1
1,0
0,1
1,0
1,0
0,1
0,1
0,1
1,0
0,1
1,0
0,1
1,0
0,1
1,0
0,1
0,1
0,1
0,1
0,1
0,1
0,1
0,1
1,0
0,1
0,1
1,0
0,1
0,1
0,1
0,1
0,1
1,0
1,0
0,1
1,0
0,1
0,1
1,0
0,1
0,1
1,0
1,0
0,1
0,1
1,0
0,1
0,1
0,1
0,1
1,0
1,0
0,1
0,1
0,1
0,1
0,1
0,1
1,0
1,0
0,1
1,0
1,0
0,1
0,1
0,1
0,1
0,1
0,1
1,0
0,1
1,0
0,1
1,0
1,0
1,0
0,1
1,0
0,1
0,1
0,1
1,0
1,0
1,0
0,1
1,0
0,1
0,1
0,1
1,0
1,0
0,1
0,1
0,1
1,0
0,1
0,1
1,0
1,0
0,1
1,0
0,1
0,1
1,0
0,1
0,1
0,1
1,0
1,0
0,1
0,1
0,1
0,1
0,1
0,1
0,1
1,0
0,1
1,0
0,1
0,1
1,0
1,0
1,0
0,1
0,1
1,0
1,0
0,1
0,1
0,1
0,1
1,0
1,0
1,0
1,0
0,1
1,0
0,1
1,0
0,1
1,0
1,0
1,0
0,1
1,0
1,0
0,1
0,1
0,1
0,1
1,0
1,0
0,1
1,0
0,1
1,0
0,1
1,0
1,0
1,0
1,0
1,0
0,1
0,1
0,1
0,1
0,1
1,0
0,1
1,0
1,0
0,1
1,0
0,1
0,1
1,0
1,0
0,1
1,0
1,0
1,0
0,1
1,0
1,0
0,1
1,0
1,0
1,0
1,0
0,1
0,1
0,1
0,1
0,1
0,1
1,0
1,0
1,0
0,1
0,1
0,1
1,0
0,1
0,1
1,0
0,1
0,1
0,1
0,1
0,1
0,1
1,0
1,0
0,1
1,0
1,0
1,0
1,0
0,1
0,1
0,1
1,0
1,0
0,1
0,1
0,1
0,1
0,1
1,0
1,0
0,1
0,1
0,1
0,1
0,1
1,0
1,0
0,1
0,1
0,1
0,1
1,0
1,0
1,0
1,0
0,1
1,0
0,1
1,0
0,1
0,1
1,0
0,1
0,1
0,1
0,1
0,1
1,0
1,0
0,1
0,1
0,1
1,0
1,0
0,1
1,0
0,1
1,0
1,0
0,1
0,1
0,1
0,1
0,1
1,0
0,1
0,1
0,1
1,0
0,1
0,1
0,1
1,0
1,0
0,1
0,1
1,0
1,0
0,1
1,0
0,1
0,1
0,1
0,1
0,1
1,0
0,1
0,1
0,1
0,1
1,0
1,0
0,1
1,0
0,1
1,0
1,0
1,0
1,0
1,0
0,1
1,0
1,0
1,0
0,1
1,0
1,0
0,1
0,1
1,0
0,1
1,0
1,0
1,0
0,1
0,1
0,1
0,1
1,0
0,1
0,1
0,1
0,1
0,1
0,1
0,1
1,0
0,1
0,1
0,1
0,1
1,0
1,0
1,0
1,0
1,0
1,0
0,1
0,1
0,1
0,1
0,1
0,1
0,1
0,1
0,1
0,1
1,0
1,0
0,1
1,0
1,0
1,0
1,0
0,1
0,1
1,0
0,1
0,1
1,0
1,0
0,1
0,1
1,0
1,0
0,1
0,1
0,1
0,1
0,1
0,1
0,1
0,1
1,0
1,0
0,1
0,1
0,1
1,0
0,1
0,1
0,1
0,1
1,0
0,1
0,1
0,1
1,0
0,1
1,0
0,1
1,0
0,1
1,0
0,1
0,1
1,0
0,1
1,0
1,0
0,1
1,0
0,1
0,1
0,1
0,1
1,0
0,1
0,1
1,0
0,1
1,0
0,1
0,1
1,0
0,1
1,0
1,0
0,1
0,1
1,0
0,1
0,1
0,1
0,1
1,0
0,1
1,0
1,0
0,1
1,0
0,1
1,0
0,1
0,1
0,1
0,1
0,1
1,0
1,0
0,1
0,1
0,1
1,0
1,0
0,1
0,1
1,0
0,1
0,1
1,0
0,1
1,0
0,1
1,0
1,0
0,1
0,1
0,1
0,1
1,0
0,1
0,1
0,1
1,0
0,1
1,0
0,1
0,1
0,1
0,1
0,1
0,1
0,1
1,0
0,1
1,0
1,0
1,0
0,1
0,1
1,0
0,1
1,0
0,1
0,1
0,1
0,1
0,1
0,1
0,1
0,1
0,1
1,0
0,1
0,1
0,1
0,1
0,1
0,1
0,1
0,1
1,0
1,0
0,1
0,1
1,0
1,0
1,0
0,1
1,0
0,1
0,1
1,0
0,1
0,1
0,1
0,1
0,1
0,1
0,1
0,1
0,1
1,0
0,1
0,1
0,1
1,0
0,1
1,0
0,1
0,1
0,1
0,1
0,1
0,1
1,0
0,1
0,1
1,0
0,1
1,0
0,1
0,1
0,1
0,1
0,1
0,1
1,0
1,0
0,1
1,0
0,1
1,0
0,1
1,0
0,1
1,0
1,0
0,1
0,1
1,0
1,0
1,0
0,1
1,0
1,0
0,1
1,0
0,1
0,1
0,1
0,1
0,1
0,1
0,1
0,1
1,0
0,1
1,0
0,1
1,0
1,0
0,1
0,1
0,1
1,0
0,1
0,1
1,0
1,0
1,0
0,1
0,1
1,0
1,0
1,0
1,0
0,1
0,1
0,1
0,1
0,1
0,1
0,1
0,1
0,1
0,1
0,1
0,1
1,0
0,1
0,1
0,1
0,1
1,0
0,1
1,0
1,0
1,0
1,0
1,0
0,1
0,1
0,1
0,1
0,1
1,0
1,0
0,1
0,1
0,1
0,1
0,1
0,1
1,0
0,1
0,1
1,0
1,0
0,1
1,0
0,1
0,1
1,0
0,1
0,1
1,0
0,1
0,1
0,1
0,1
0,1
0,1
1,0
0,1
0,1
0,1
1,0
0,1
0,1
1,0
0,1
0,1
1,0
1,0
0,1
1,0
0,1
1,0
1,0
0,1
0,1
0,1
1,0
1,0
0,1
0,1
0,1
1,0
0,1
0,1
0,1
0,1
1,0
1,0
0,1
1,0
0,1
1,0
0,1
1,0
0,1
0,1
1,0
1,0
1,0
0,1
1,0
0,1
1,0
0,1
0,1
0,1
0,1
0,1
0,1
1,0
0,1
1,0
0,1
1,0
1,0
0,1
0,1
0,1
0,1
0,1
1,0
0,1
0,1
1,0
1,0
0,1
0,1
0,1
1,0
0,1
0,1
0,1
0,1
0,1
1,0
1,0
0,1
1,0
0,1
0,1
0,1
1,0
0,1
1,0
0,1
0,1
0,1
1,0
0,1
0,1
1,0
0,1
0,1
0,1
0,1
0,1
0,1
1,0
0,1
1,0
1,0
1,0
1,0
1,0
0,1
0,1
0,1
1,0
1,0
0,1
1,0
0,1
0,1
1,0
0,1
1,0
1,0
0,1
1,0
1,0
1,0
1,0
0,1
0,1
0,1
0,1
0,1
0,1
0,1
0,1
1,0
0,1
0,1
0,1
1,0
1,0
0,1
0,1
1,0
0,1
0,1
1,0
1,0
0,1
0,1
1,0
0,1
0,1
0,1
1,0
0,1
0,1
0,1
0,1
1,0
1,0
1,0
0,1
0,1
0,1
0,1
0,1
1,0
0,1
1,0
1,0
0,1
0,1
0,1
0,1
0,1
0,1
0,1
0,1
0,1
0,1
1,0
1,0
0,1
0,1
1,0
1,0
0,1
0,1
0,1
0,1
1,0
1,0
0,1
1,0
0,1
0,1
1,0
0,1
0,1
1,0
1,0
1,0
0,1
0,1
0,1
1,0
0,1
1,0
0,1
0,1
0,1
1,0
0,1
0,1
1,0
0,1
1,0
0,1
0,1
0,1
1,0
1,0
0,1
0,1
0,1
0,1
1,0
0,1
0,1
0,1
0,1
0,1
0,1
1,0
0,1
0,1
0,1
1,0
0,1
0,1
0,1
0,1
1,0
0,1
1,0
1,0
1,0
1,0
0,1
0,1
1,0
1,0
1,0
0,1
0,1
1,0
0,1
0,1
0,1
0,1
1,0
1,0
1,0
1,0
0,1
0,1
0,1
0,1
0,1
1,0
0,1
0,1
0,1
1,0
0,1
1,0
1,0
1,0
1,0
1,0
0,1
0,1
1,0
1,0
0,1
1,0
0,1
0,1
1,0
0,1
0,1
0,1
0,1
1,0
0,1
0,1
1,0
0,1
0,1
0,1
1,0
0,1
1,0
1,0
1,0
0,1
0,1
1,0
0,1
0,1
0,1
0,1
1,0
1,0
0,1
0,1
1,0
0,1
1,0
0,1
0,1
0,1
0,1
1,0
0,1
0,1
1,0
1,0
1,0
1,0
1,0
0,1
0,1
1,0
1,0
0,1
0,1
0,1
0,1
0,1
1,0
1,0
1,0
1,0
1,0
0,1
1,0
1,0
